{
"physics":0.37810218978102195 ,
"study":0.32408759124087594,
"science":0.27007299270072993,
"blood":0.21605839416058395,
"universe":0.21605839416058395,
"number":0.21605839416058395,
"particle":0.21605839416058395,
"solid":0.21605839416058395,
"force":0.21605839416058395,
"electron":0.21605839416058395
}