{
"business":0.2639664804469274,
"film":0.2639664804469274,
"movie":0.22625698324022345,
"television":0.22625698324022345,
"money":0.22625698324022345,
"play":0.18854748603351956,
"watch":0.18854748603351956,
"entertainment":0.18854748603351956,
"broadcast":0.18854748603351956,
"company":0.18854748603351956
}